<?xml version="1.0"?>
<config xmlns:xsi="http://www.w3.org/2001/XMLSchema-instance" xsi:noNamespaceSchemaLocation="urn:magento:framework:ObjectManager/etc/config.xsd">
    <type name="Magento\SalesRule\Model\Rule\Metadata\ValueProvider">
        <plugin name="salesrule-free" type="Nec\Lowitemprice\Plugin\Rule\Metadata\ValueProvider" sortOrder="1" />
    </type>
    <type name="Magento\SalesRule\Model\Rule\Action\Discount\CalculatorFactory">
        <arguments>
            <argument name="discountRules" xsi:type="array">
                <item name="free_lowset" xsi:type="string">Nec\Lowitemprice\Model\Rule\Action\Discount\FreeLowestProduct</item>
            </argument>
        </arguments>
    </type>
</config>